CHROM,POS,REF,ALT,QUAL,Gene,Effect,cDNA_change,Protein_change
KR063671.1,506,G,A,16268.7,NP,missense_variant,c.38G>A,p.Ser13Asn
KR063671.1,1974,GAC,AAT,15157.7,NP,missense_variant,c.1506_1508delGACinsAAT,p.Thr503Ile
KR063671.1,2032,A,G,15756.0,NP,missense_variant,c.1564A>G,p.Thr522Ala
KR063671.1,2087,C,A,15648.8,NP,missense_variant,c.1619C>A,p.Ala540Asp
KR063671.1,2107,AATG,CATA,15409.6,NP,missense_variant,c.1639_1642delAATGinsCATA,p.AsnAsp547HisAsn
KR063671.1,2194,G,T,25392.6,NP,missense_variant,c.1726G>T,p.Asp576Tyr
KR063671.1,3165,C,T,15932.8,VP35,missense_variant,c.38C>T,p.Ala13Val
KR063671.1,3290,TACGC,CACGT,15694.5,VP35,missense_variant,c.163_167delTACGCinsCACGT,p.TyrAla55HisVal
KR063671.1,3361,T,G,16903.8,VP35,missense_variant,c.234T>G,p.Ile78Met
KR063671.1,3665,G,A,15536.8,VP35,missense_variant,c.538G>A,p.Ala180Thr
KR063671.1,4546,T,G,23293.7,VP40,missense_variant,c.69T>G,p.Asn23Lys
KR063671.1,4562,G,A,20183.7,VP40,missense_variant,c.85G>A,p.Gly29Ser
KR063671.1,5240,A,G,14884.8,VP40,missense_variant,c.763A>G,p.Thr255Ala
KR063671.1,5307,C,A,15012.4,VP40,missense_variant,c.830C>A,p.Thr277Asn
KR063671.1,6261,T,C,19740.3,SsGP,missense_variant,c.224T>C,p.Val75Ala
KR063671.1,6261,T,C,19740.3,sGP,missense_variant,c.224T>C,p.Val75Ala
KR063671.1,6261,T,C,19740.3,GP,missense_variant,c.224T>C,p.Val75Ala
KR063671.1,7029,G,T,15365.4,sGP,missense_variant,c.992G>T,p.Gly331Val
KR063671.1,7029,G,T,15365.4,GP,missense_variant,c.992G>T,p.Gly331Val
KR063671.1,7179,A,G,13976.0,GP,missense_variant,c.1142A>G,p.Asn381Ser
KR063671.1,7203,T,C,24375.2,GP,missense_variant,c.1166T>C,p.Ile389Thr
KR063671.1,7263,CAGAA,TAGTG,6522.2,GP,missense_variant,c.1226_1230delCAGAAinsTAGTG,p.AlaGlu409ValVal
KR063671.1,7321,C,G,15052.6,GP,missense_variant,c.1284C>G,p.Asp428Glu
KR063671.1,7469,A,G,14008.8,GP,missense_variant,c.1432A>G,p.Ser478Gly
KR063671.1,7731,G,A,21472.7,GP,missense_variant,c.1694G>A,p.Arg565Gln
KR063671.1,7767,T,C,12339.3,GP,missense_variant,c.1730T>C,p.Leu577Pro
KR063671.1,7779,C,T,14070.4,GP,missense_variant,c.1742C>T,p.Pro581Leu
KR063671.1,7986,A,G,12981.6,GP,missense_variant,c.1949A>G,p.Asn650Ser
KR063671.1,10386,A,C,13284.3,VP24,missense_variant,c.43A>C,p.Lys15Gln
KR063671.1,10830,A,C,14071.8,VP24,missense_variant,c.487A>C,p.Lys163Gln
KR063671.1,11978,A,C,17442.5,L,missense_variant,c.399A>C,p.Gln133His
KR063671.1,12277,C,A,17726.2,L,missense_variant,c.698C>A,p.Thr233Asn
KR063671.1,12862,G,A,16484.9,L,missense_variant,c.1283G>A,p.Ser428Asn
KR063671.1,13194,G,A,17539.3,L,missense_variant,c.1615G>A,p.Glu539Lys
KR063671.1,15126,A,C,25697.2,L,missense_variant,c.3547A>C,p.Ile1183Leu
KR063671.1,16369,T,C,22192.2,L,missense_variant,c.4790T>C,p.Val1597Ala
KR063671.1,16409,T,A,13034.1,L,missense_variant,c.4830T>A,p.Phe1610Leu
KR063671.1,16548,A,G,17180.0,L,missense_variant,c.4969A>G,p.Arg1657Gly
KR063671.1,16622,A,C,23164.8,L,missense_variant,c.5043A>C,p.Arg1681Ser
KR063671.1,16795,A,G,16702.3,L,missense_variant,c.5216A>G,p.Asn1739Ser
KR063671.1,16836,G,A,16873.2,L,missense_variant,c.5257G>A,p.Gly1753Ser
KR063671.1,16957,A,G,21921.2,L,missense_variant,c.5378A>G,p.Gln1793Arg
KR063671.1,17051,A,G,16659.7,L,missense_variant,c.5472A>G,p.Ile1824Met
KR063671.1,17320,G,A,16845.4,L,missense_variant,c.5741G>A,p.Arg1914Lys
KR063671.1,17662,C,T,17348.0,L,missense_variant,c.6083C>T,p.Thr2028Met
KR063671.1,17727,T,A,25678.0,L,missense_variant,c.6148T>A,p.Cys2050Ser
